{"rmse": 3251751.469199131, "mae": 1675357.4226940752, "mape": 0.12053198040151447, "r2": 0.8407932114179583}