{"rmse": 2201377.920613359, "mae": 1407543.8999039473, "mape": 0.1153662792053231, "r2": 0.8545201789158656}