{"rmse": 2935616.810939582, "mae": 1710447.2908496726, "mape": 0.13623460448755417, "r2": 0.8417858143357865}