{"rmse": 5828.239500827958, "mae": 3524.0582655607445, "mape": 0.13173518790369423, "r2": 0.8570763089160591}